X	Y	V_x	V_y
-3.40623	0.20605	20.10358	-17.93593
-3.40422	0.20425	20.10375	-17.93594
-3.40221	0.20246	20.10392	-17.93595
-3.40020	0.20066	20.10409	-17.93596
-3.39819	0.19887	20.10426	-17.93597
-3.39618	0.19708	20.10443	-17.93598
-3.39417	0.19528	20.10460	-17.93599
-3.39216	0.19349	20.10477	-17.93600
-3.39014	0.19170	20.10494	-17.93601
-3.38813	0.18990	20.10511	-17.93602
-3.38612	0.18811	20.10528	-17.93603
-3.38411	0.18632	20.10545	-17.93603
-3.38210	0.18452	20.10562	-17.93604
-3.38009	0.18273	20.10579	-17.93605
-3.37808	0.18093	20.10596	-17.93606
-3.37607	0.17914	20.10613	-17.93607
-3.37406	0.17735	20.10630	-17.93608
-3.37205	0.17555	20.10647	-17.93609
-3.37004	0.17376	20.10663	-17.93610
-3.36803	0.17197	20.10680	-17.93611
-3.36602	0.17017	20.10697	-17.93612
-3.36401	0.16838	20.10714	-17.93612
-3.36200	0.16659	20.10731	-17.93613
-3.35999	0.16479	20.10748	-17.93614
-3.35797	0.16300	20.10765	-17.93615
-3.35596	0.16121	20.10781	-17.93616
-3.35395	0.15941	20.10798	-17.93616
-3.35194	0.15762	20.10815	-17.93617
-3.34993	0.15582	20.10832	-17.93618
-3.34792	0.15403	20.10849	-17.93619
-3.34591	0.15224	20.10865	-17.93620
-3.34390	0.15044	20.10882	-17.93620
-3.34189	0.14865	20.10899	-17.93621
-3.33988	0.14686	20.10916	-17.93622
-3.33787	0.14506	20.10932	-17.93623
-3.33586	0.14327	20.10949	-17.93623
-3.33384	0.14148	20.10966	-17.93624
-3.33183	0.13968	20.10983	-17.93625
-3.32982	0.13789	20.10999	-17.93625
-3.32781	0.13609	20.11016	-17.93626
-3.32580	0.13430	20.11033	-17.93627
-3.32379	0.13251	20.11049	-17.93627
-3.32178	0.13071	20.11066	-17.93628
-3.31977	0.12892	20.11083	-17.93629
-3.31776	0.12713	20.11099	-17.93629
-3.31575	0.12533	20.11116	-17.93630
-3.31373	0.12354	20.11133	-17.93631
-3.31172	0.12175	20.11149	-17.93631
-3.30971	0.11995	20.11166	-17.93632
-3.30770	0.11816	20.11182	-17.93633
-3.30569	0.11636	20.11199	-17.93633
-3.30368	0.11457	20.11216	-17.93634
-3.30167	0.11278	20.11232	-17.93634
-3.29966	0.11098	20.11249	-17.93635
-3.29764	0.10919	20.11265	-17.93635
-3.29563	0.10740	20.11282	-17.93636
-3.29362	0.10560	20.11298	-17.93636
-3.29161	0.10381	20.11315	-17.93637
-3.28960	0.10202	20.11331	-17.93637
-3.28759	0.10022	20.11348	-17.93638
-3.28558	0.09843	20.11364	-17.93638
-3.28357	0.09663	20.11381	-17.93639
-3.28155	0.09484	20.11397	-17.93639
-3.27954	0.09305	20.11414	-17.93640
-3.27753	0.09125	20.11430	-17.93640
-3.27552	0.08946	20.11447	-17.93641
-3.27351	0.08767	20.11463	-17.93641
-3.27150	0.08587	20.11479	-17.93642
-3.26949	0.08408	20.11496	-17.93642
-3.26747	0.08229	20.11512	-17.93643
-3.26546	0.08049	20.11529	-17.93643
-3.26345	0.07870	20.11545	-17.93643
-3.26144	0.07690	20.11561	-17.93644
-3.25943	0.07511	20.11578	-17.93644
-3.25742	0.07332	20.11594	-17.93645
-3.25540	0.07152	20.11610	-17.93645
-3.25339	0.06973	20.11627	-17.93645
-3.25138	0.06794	20.11643	-17.93646
-3.24937	0.06614	20.11659	-17.93646
-3.24736	0.06435	20.11676	-17.93646
-3.24535	0.06256	20.11692	-17.93647
-3.24333	0.06076	20.11708	-17.93647
-3.24132	0.05897	20.11725	-17.93647
-3.23931	0.05717	20.11741	-17.93648
-3.23730	0.05538	20.11757	-17.93648
-3.23529	0.05359	20.11773	-17.93648
-3.23328	0.05179	20.11790	-17.93648
-3.23126	0.05000	20.11806	-17.93649
-3.22925	0.04821	20.11822	-17.93649
-3.22724	0.04641	20.11838	-17.93649
-3.22523	0.04462	20.11855	-17.93649
-3.22322	0.04283	20.11871	-17.93650
-3.22121	0.04103	20.11887	-17.93650
-3.21919	0.03924	20.11903	-17.93650
-3.21718	0.03744	20.11919	-17.93650
-3.21517	0.03565	20.11935	-17.93650
-3.21316	0.03386	20.11952	-17.93651
-3.21115	0.03206	20.11968	-17.93651
-3.20913	0.03027	20.11984	-17.93651
-3.20712	0.02848	20.12000	-17.93651
-3.20511	0.02668	20.12016	-17.93651
-3.20310	0.02489	20.12032	-17.93651
-3.20109	0.02310	20.12048	-17.93651
-3.19907	0.02130	20.12064	-17.93651
-3.19706	0.01951	20.12080	-17.93652
-3.19505	0.01771	20.12096	-17.93652
-3.19304	0.01592	20.12112	-17.93652
-3.19103	0.01413	20.12129	-17.93652
-3.18901	0.01233	20.12145	-17.93652
-3.18700	0.01054	20.12161	-17.93652
-3.18499	0.00875	20.12177	-17.93652
-3.18298	0.00695	20.12193	-17.93652
-3.18096	0.00516	20.12209	-17.93652
-3.17895	0.00336	20.12225	-17.93652
-3.17694	0.00157	20.12241	-17.93652
-3.17493	-0.00022	20.12257	-17.93652
-3.17292	-0.00202	20.12272	-17.93652
-3.17090	-0.00381	20.12288	-17.93652
-3.16889	-0.00560	20.12304	-17.93652
-3.16688	-0.00740	20.12320	-17.93652
-3.16487	-0.00919	20.12336	-17.93652
-3.16285	-0.01098	20.12352	-17.93652
-3.16084	-0.01278	20.12368	-17.93652
-3.15883	-0.01457	20.12384	-17.93652
-3.15682	-0.01637	20.12400	-17.93652
-3.15480	-0.01816	20.12416	-17.93652
-3.15279	-0.01995	20.12432	-17.93652
-3.15078	-0.02175	20.12447	-17.93652
-3.14877	-0.02354	20.12463	-17.93651
-3.14675	-0.02533	20.12479	-17.93651
-3.14474	-0.02713	20.12495	-17.93651
-3.14273	-0.02892	20.12511	-17.93651
-3.14072	-0.03071	20.12527	-17.93651
-3.13870	-0.03251	20.12542	-17.93651
-3.13669	-0.03430	20.12558	-17.93651
-3.13468	-0.03610	20.12574	-17.93650
-3.13267	-0.03789	20.12590	-17.93650
-3.13065	-0.03968	20.12605	-17.93650
-3.12864	-0.04148	20.12621	-17.93650
-3.12663	-0.04327	20.12637	-17.93650
-3.12462	-0.04506	20.12653	-17.93649
-3.12260	-0.04686	20.12668	-17.93649
-3.12059	-0.04865	20.12684	-17.93649
-3.11858	-0.05044	20.12700	-17.93649
-3.11657	-0.05224	20.12716	-17.93648
-3.11455	-0.05403	20.12731	-17.93648
-3.11254	-0.05583	20.12747	-17.93648
-3.11053	-0.05762	20.12763	-17.93648
-3.10851	-0.05941	20.12778	-17.93647
-3.10650	-0.06121	20.12794	-17.93647
-3.10449	-0.06300	20.12810	-17.93647
-3.10248	-0.06479	20.12825	-17.93646
-3.10046	-0.06659	20.12841	-17.93646
-3.09845	-0.06838	20.12856	-17.93646
-3.09644	-0.07017	20.12872	-17.93645
-3.09442	-0.07197	20.12888	-17.93645
-3.09241	-0.07376	20.12903	-17.93645
-3.09040	-0.07556	20.12919	-17.93644
-3.08839	-0.07735	20.12934	-17.93644
-3.08637	-0.07914	20.12950	-17.93644
-3.08436	-0.08094	20.12966	-17.93643
-3.08235	-0.08273	20.12981	-17.93643
-3.08033	-0.08452	20.12997	-17.93642
-3.07832	-0.08632	20.13012	-17.93642
-3.07631	-0.08811	20.13028	-17.93641
-3.07430	-0.08990	20.13043	-17.93641
-3.07228	-0.09170	20.13059	-17.93641
-3.07027	-0.09349	20.13074	-17.93640
-3.06826	-0.09529	20.13090	-17.93640
-3.06624	-0.09708	20.13105	-17.93639
-3.06423	-0.09887	20.13121	-17.93639
-3.06222	-0.10067	20.13136	-17.93638
-3.06020	-0.10246	20.13151	-17.93638
-3.05819	-0.10425	20.13167	-17.93637
-3.05618	-0.10605	20.13182	-17.93637
-3.05416	-0.10784	20.13198	-17.93636
-3.05215	-0.10963	20.13213	-17.93635
-3.05014	-0.11143	20.13229	-17.93635
-3.04812	-0.11322	20.13244	-17.93634
-3.04611	-0.11502	20.13259	-17.93634
-3.04410	-0.11681	20.13275	-17.93633
-3.04208	-0.11860	20.13290	-17.93633
-3.04007	-0.12040	20.13305	-17.93632
-3.03806	-0.12219	20.13321	-17.93631
-3.03604	-0.12398	20.13336	-17.93631
-3.03403	-0.12578	20.13351	-17.93630
-3.03202	-0.12757	20.13367	-17.93630
-3.03000	-0.12936	20.13382	-17.93629
-3.02799	-0.13116	20.13397	-17.93628
-3.02598	-0.13295	20.13413	-17.93628
-3.02396	-0.13475	20.13428	-17.93627
-3.02195	-0.13654	20.13443	-17.93626
-3.01994	-0.13833	20.13459	-17.93626
-3.01792	-0.14013	20.13474	-17.93625
-3.01591	-0.14192	20.13489	-17.93624
-3.01390	-0.14371	20.13504	-17.93623
-3.01188	-0.14551	20.13520	-17.93623
-3.00987	-0.14730	20.13535	-17.93622
-3.00786	-0.14909	20.13550	-17.93621
-3.00584	-0.15089	20.13565	-17.93620
-3.00383	-0.15268	20.13580	-17.93620
-3.00182	-0.15448	20.13596	-17.93619
-2.99980	-0.15627	20.13611	-17.93618
-2.99779	-0.15806	20.13626	-17.93617
-2.99578	-0.15986	20.13641	-17.93617
-2.99376	-0.16165	20.13656	-17.93616
-2.99175	-0.16344	20.13671	-17.93615
-2.98973	-0.16524	20.13687	-17.93614
-2.98772	-0.16703	20.13702	-17.93613
-2.98571	-0.16882	20.13717	-17.93612
-2.98369	-0.17062	20.13732	-17.93612
-2.98168	-0.17241	20.13747	-17.93611
-2.97967	-0.17421	20.13762	-17.93610
-2.97765	-0.17600	20.13777	-17.93609
-2.97564	-0.17779	20.13792	-17.93608
-2.97362	-0.17959	20.13807	-17.93607
-2.97161	-0.18138	20.13822	-17.93606
-2.96960	-0.18317	20.13838	-17.93605
-2.96758	-0.18497	20.13853	-17.93604
-2.96557	-0.18676	20.13868	-17.93603
-2.96356	-0.18855	20.13883	-17.93602
-2.96154	-0.19035	20.13898	-17.93602
-2.95953	-0.19214	20.13913	-17.93601
-2.95751	-0.19393	20.13928	-17.93600
-2.95550	-0.19573	20.13943	-17.93599
-2.95349	-0.19752	20.13958	-17.93598
-2.95147	-0.19932	20.13973	-17.93597
-2.94946	-0.20111	20.13988	-17.93596
-2.94744	-0.20290	20.14003	-17.93595
-2.94543	-0.20470	20.14018	-17.93594
-2.94342	-0.20649	20.14032	-17.93592
-2.94140	-0.20828	20.14047	-17.93591
-2.93939	-0.21008	20.14062	-17.93590
-2.93737	-0.21187	20.14077	-17.93589
-2.93536	-0.21366	20.14092	-17.93588
-2.93335	-0.21546	20.14107	-17.93587
-2.93133	-0.21725	20.14122	-17.93586
-2.92932	-0.21905	20.14137	-17.93585
-2.92730	-0.22084	20.14152	-17.93584
-2.92529	-0.22263	20.14167	-17.93583
-2.92327	-0.22443	20.14182	-17.93582
-2.92126	-0.22622	20.14196	-17.93580
-2.91925	-0.22801	20.14211	-17.93579
-2.91723	-0.22981	20.14226	-17.93578
-2.91522	-0.23160	20.14241	-17.93577
-2.91320	-0.23339	20.14256	-17.93576
-2.91119	-0.23519	20.14271	-17.93575
-2.90918	-0.23698	20.14285	-17.93573
-2.90716	-0.23877	20.14300	-17.93572
-2.90515	-0.24057	20.14315	-17.93571
-2.90313	-0.24236	20.14330	-17.93570
-2.90112	-0.24416	20.14345	-17.93568
-2.89910	-0.24595	20.14359	-17.93567
-2.89709	-0.24774	20.14374	-17.93566
-2.89507	-0.24954	20.14389	-17.93565
-2.89306	-0.25133	20.14404	-17.93563
-2.89105	-0.25312	20.14418	-17.93562
-2.88903	-0.25492	20.14433	-17.93561
-2.88702	-0.25671	20.14448	-17.93560
-2.88500	-0.25850	20.14463	-17.93558
-2.88299	-0.26030	20.14477	-17.93557
-2.88097	-0.26209	20.14492	-17.93556
-2.87896	-0.26388	20.14507	-17.93554
-2.87694	-0.26568	20.14521	-17.93553
-2.87493	-0.26747	20.14536	-17.93552
-2.87292	-0.26927	20.14551	-17.93550
-2.87090	-0.27106	20.14565	-17.93549
-2.86889	-0.27285	20.14580	-17.93547
-2.86687	-0.27465	20.14595	-17.93546
-2.86486	-0.27644	20.14609	-17.93545
-2.86284	-0.27823	20.14624	-17.93543
-2.86083	-0.28003	20.14639	-17.93542
-2.85881	-0.28182	20.14653	-17.93540
-2.85680	-0.28361	20.14668	-17.93539
-2.85478	-0.28541	20.14682	-17.93537
-2.85277	-0.28720	20.14697	-17.93536
-2.85075	-0.28899	20.14712	-17.93535
-2.84874	-0.29079	20.14726	-17.93533
-2.84673	-0.29258	20.14741	-17.93532
-2.84471	-0.29437	20.14755	-17.93530
-2.84270	-0.29617	20.14770	-17.93529
-2.84068	-0.29796	20.14784	-17.93527
-2.83867	-0.29976	20.14799	-17.93525
-2.83665	-0.30155	20.14813	-17.93524
-2.83464	-0.30334	20.14828	-17.93522
-2.83262	-0.30514	20.14842	-17.93521
-2.83061	-0.30693	20.14857	-17.93519
-2.82859	-0.30872	20.14872	-17.93518
-2.82658	-0.31052	20.14886	-17.93516
-2.82456	-0.31231	20.14901	-17.93514
-2.82255	-0.31410	20.14915	-17.93513
-2.82053	-0.31590	20.14929	-17.93511
-2.81852	-0.31769	20.14944	-17.93510
-2.81650	-0.31948	20.14958	-17.93508
-2.81449	-0.32128	20.14973	-17.93506
-2.81247	-0.32307	20.14987	-17.93505
-2.81046	-0.32486	20.15002	-17.93503
-2.80844	-0.32666	20.15016	-17.93501
-2.80643	-0.32845	20.15031	-17.93500
-2.80441	-0.33025	20.15045	-17.93498
-2.80240	-0.33204	20.15059	-17.93496
-2.80038	-0.33383	20.15074	-17.93495
-2.79837	-0.33563	20.15088	-17.93493
-2.79635	-0.33742	20.15103	-17.93491
-2.79434	-0.33921	20.15117	-17.93489
-2.79232	-0.34101	20.15131	-17.93488
-2.79031	-0.34280	20.15146	-17.93486
-2.78829	-0.34459	20.15160	-17.93484
-2.78628	-0.34639	20.15175	-17.93482
-2.78426	-0.34818	20.15189	-17.93480
-2.78225	-0.34997	20.15203	-17.93479
-2.78023	-0.35177	20.15218	-17.93477
-2.77822	-0.35356	20.15232	-17.93475
-2.77620	-0.35535	20.15246	-17.93473
-2.77419	-0.35715	20.15261	-17.93471
-2.77217	-0.35894	20.15275	-17.93469
-2.77016	-0.36073	20.15289	-17.93468
-2.76814	-0.36253	20.15304	-17.93466
-2.76612	-0.36432	20.15318	-17.93464
-2.76411	-0.36611	20.15332	-17.93462
-2.76209	-0.36791	20.15346	-17.93460
-2.76008	-0.36970	20.15361	-17.93458
-2.75806	-0.37150	20.15375	-17.93456
-2.75605	-0.37329	20.15389	-17.93454
-2.75403	-0.37508	20.15403	-17.93452
-2.75202	-0.37688	20.15418	-17.93450
-2.75000	-0.37867	20.15432	-17.93448
-2.74799	-0.38046	20.15446	-17.93446
-2.74597	-0.38226	20.15460	-17.93444
-2.74396	-0.38405	20.15475	-17.93442
-2.74194	-0.38584	20.15489	-17.93440
-2.73992	-0.38764	20.15503	-17.93438
-2.73791	-0.38943	20.15517	-17.93436
-2.73589	-0.39122	20.15532	-17.93434
-2.73388	-0.39302	20.15546	-17.93432
-2.73186	-0.39481	20.15560	-17.93430
-2.72985	-0.39660	20.15574	-17.93428
-2.72783	-0.39840	20.15588	-17.93426
-2.72582	-0.40019	20.15602	-17.93424
-2.72380	-0.40198	20.15617	-17.93422
-2.72178	-0.40378	20.15631	-17.93420
-2.71977	-0.40557	20.15645	-17.93418
-2.71775	-0.40736	20.15659	-17.93415
-2.71574	-0.40916	20.15673	-17.93413
-2.71372	-0.41095	20.15687	-17.93411
-2.71171	-0.41274	20.15701	-17.93409
-2.70969	-0.41454	20.15716	-17.93407
-2.70767	-0.41633	20.15730	-17.93405
-2.70566	-0.41812	20.15744	-17.93402
-2.70364	-0.41992	20.15758	-17.93400
-2.70163	-0.42171	20.15772	-17.93398
-2.69961	-0.42350	20.15786	-17.93396
-2.69760	-0.42530	20.15800	-17.93393
-2.69558	-0.42709	20.15814	-17.93391
-2.69356	-0.42888	20.15828	-17.93389
-2.69155	-0.43068	20.15842	-17.93387
-2.68953	-0.43247	20.15857	-17.93384
-2.68752	-0.43426	20.15871	-17.93382
-2.68550	-0.43606	20.15885	-17.93380
-2.68348	-0.43785	20.15899	-17.93378
-2.68147	-0.43964	20.15913	-17.93375
-2.67945	-0.44144	20.15927	-17.93373
-2.67744	-0.44323	20.15941	-17.93370
-2.67542	-0.44503	20.15955	-17.93368
-2.67341	-0.44682	20.15969	-17.93366
-2.67139	-0.44861	20.15983	-17.93363
-2.66937	-0.45041	20.15997	-17.93361
-2.66736	-0.45220	20.16011	-17.93359
-2.66534	-0.45399	20.16025	-17.93356
-2.66333	-0.45579	20.16039	-17.93354
-2.66131	-0.45758	20.16053	-17.93351
-2.65929	-0.45937	20.16067	-17.93349
-2.65728	-0.46117	20.16081	-17.93346
-2.65526	-0.46296	20.16095	-17.93344
-2.65324	-0.46475	20.16109	-17.93341
-2.65123	-0.46655	20.16123	-17.93339
-2.64921	-0.46834	20.16137	-17.93336
-2.64720	-0.47013	20.16151	-17.93334
-2.64518	-0.47193	20.16165	-17.93331
-2.64316	-0.47372	20.16179	-17.93329
-2.64115	-0.47551	20.16193	-17.93326
-2.63913	-0.47731	20.16207	-17.93324
-2.63712	-0.47910	20.16221	-17.93321
-2.63510	-0.48089	20.16234	-17.93319
-2.63308	-0.48269	20.16248	-17.93316
-2.63107	-0.48448	20.16262	-17.93313
-2.62905	-0.48627	20.16276	-17.93311
-2.62703	-0.48807	20.16290	-17.93308
-2.62502	-0.48986	20.16304	-17.93305
-2.62300	-0.49165	20.16318	-17.93303
-2.62099	-0.49345	20.16332	-17.93300
-2.61897	-0.49524	20.16346	-17.93297
-2.61695	-0.49703	20.16360	-17.93295
-2.61494	-0.49883	20.16374	-17.93292
-2.61292	-0.50062	20.16387	-17.93289
-2.61090	-0.50241	20.16401	-17.93287
-2.60889	-0.50420	20.16415	-17.93284
-2.60687	-0.50600	20.16429	-17.93281
-2.60485	-0.50779	20.16443	-17.93278
-2.60284	-0.50958	20.16457	-17.93276
-2.60082	-0.51138	20.16471	-17.93273
-2.59880	-0.51317	20.16485	-17.93270
-2.59679	-0.51496	20.16498	-17.93267
-2.59477	-0.51676	20.16512	-17.93264
-2.59276	-0.51855	20.16526	-17.93262
-2.59074	-0.52034	20.16540	-17.93259
-2.58872	-0.52214	20.16554	-17.93256
-2.58671	-0.52393	20.16568	-17.93253
-2.58469	-0.52572	20.16581	-17.93250
-2.58267	-0.52752	20.16595	-17.93247
-2.58066	-0.52931	20.16609	-17.93244
-2.57864	-0.53110	20.16623	-17.93241
-2.57662	-0.53290	20.16637	-17.93238
-2.57461	-0.53469	20.16650	-17.93236
-2.57259	-0.53648	20.16664	-17.93233
-2.57057	-0.53828	20.16678	-17.93230
-2.56856	-0.54007	20.16692	-17.93227
-2.56654	-0.54186	20.16706	-17.93224
-2.56452	-0.54366	20.16719	-17.93221
-2.56251	-0.54545	20.16733	-17.93218
-2.56049	-0.54724	20.16747	-17.93215
-2.55847	-0.54904	20.16761	-17.93212
-2.55646	-0.55083	20.16775	-17.93208
-2.55444	-0.55262	20.16788	-17.93205
-2.55242	-0.55442	20.16802	-17.93202
-2.55041	-0.55621	20.16816	-17.93199
-2.54839	-0.55800	20.16830	-17.93196
-2.54637	-0.55980	20.16843	-17.93193
-2.54436	-0.56159	20.16857	-17.93190
-2.54234	-0.56338	20.16871	-17.93187
-2.54032	-0.56517	20.16885	-17.93184
-2.53830	-0.56697	20.16898	-17.93180
-2.53629	-0.56876	20.16912	-17.93177
-2.53427	-0.57055	20.16926	-17.93174
-2.53225	-0.57235	20.16940	-17.93171
-2.53024	-0.57414	20.16953	-17.93168
-2.52822	-0.57593	20.16967	-17.93164
-2.52620	-0.57773	20.16981	-17.93161
-2.52419	-0.57952	20.16995	-17.93158
-2.52217	-0.58131	20.17008	-17.93154
-2.52015	-0.58311	20.17022	-17.93151
-2.51813	-0.58490	20.17036	-17.93148
-2.51612	-0.58669	20.17049	-17.93145
-2.51410	-0.58849	20.17063	-17.93141
-2.51208	-0.59028	20.17077	-17.93138
-2.51007	-0.59207	20.17091	-17.93135
-2.50805	-0.59387	20.17104	-17.93131
-2.50603	-0.59566	20.17118	-17.93128
-2.50402	-0.59745	20.17132	-17.93124
-2.50200	-0.59924	20.17145	-17.93121
-2.49998	-0.60104	20.17159	-17.93117
-2.49796	-0.60283	20.17173	-17.93114
-2.49595	-0.60462	20.17186	-17.93111
-2.49393	-0.60642	20.17200	-17.93107
-2.49191	-0.60821	20.17214	-17.93104
-2.48990	-0.61000	20.17227	-17.93100
-2.48788	-0.61180	20.17241	-17.93097
-2.48586	-0.61359	20.17255	-17.93093
-2.48384	-0.61538	20.17268	-17.93090
-2.48183	-0.61718	20.17282	-17.93086
-2.47981	-0.61897	20.17296	-17.93082
-2.47779	-0.62076	20.17309	-17.93079
-2.47577	-0.62256	20.17323	-17.93075
-2.47376	-0.62435	20.17337	-17.93072
-2.47174	-0.62614	20.17350	-17.93068
-2.46972	-0.62793	20.17364	-17.93064
-2.46770	-0.62973	20.17378	-17.93061
-2.46569	-0.63152	20.17391	-17.93057
-2.46367	-0.63331	20.17405	-17.93053
-2.46165	-0.63511	20.17419	-17.93050
-2.45964	-0.63690	20.17432	-17.93046
-2.45762	-0.63869	20.17446	-17.93042
-2.45560	-0.64049	20.17459	-17.93038
-2.45358	-0.64228	20.17473	-17.93035
-2.45157	-0.64407	20.17487	-17.93031
-2.44955	-0.64586	20.17500	-17.93027
-2.44753	-0.64766	20.17514	-17.93023
-2.44551	-0.64945	20.17528	-17.93019
-2.44350	-0.65124	20.17541	-17.93016
-2.44148	-0.65304	20.17555	-17.93012
-2.43946	-0.65483	20.17568	-17.93008
-2.43744	-0.65662	20.17582	-17.93004
-2.43543	-0.65842	20.17596	-17.93000
-2.43341	-0.66021	20.17609	-17.92996
-2.43139	-0.66200	20.17623	-17.92992
-2.42937	-0.66379	20.17636	-17.92988
-2.42735	-0.66559	20.17650	-17.92984
-2.42534	-0.66738	20.17664	-17.92980
-2.42332	-0.66917	20.17677	-17.92976
-2.42130	-0.67097	20.17691	-17.92972
-2.41928	-0.67276	20.17704	-17.92968
-2.41727	-0.67455	20.17718	-17.92964
-2.41525	-0.67635	20.17731	-17.92960
-2.41323	-0.67814	20.17745	-17.92956
-2.41121	-0.67993	20.17759	-17.92952
-2.40920	-0.68172	20.17772	-17.92948
-2.40718	-0.68352	20.17786	-17.92944
-2.40516	-0.68531	20.17799	-17.92940
-2.40314	-0.68710	20.17813	-17.92935
-2.40112	-0.68890	20.17826	-17.92931
-2.39911	-0.69069	20.17840	-17.92927
-2.39709	-0.69248	20.17854	-17.92923
-2.39507	-0.69428	20.17867	-17.92919
-2.39305	-0.69607	20.17881	-17.92914
-2.39103	-0.69786	20.17894	-17.92910
-2.38902	-0.69965	20.17908	-17.92906
-2.38700	-0.70145	20.17921	-17.92902
-2.38498	-0.70324	20.17935	-17.92897
-2.38296	-0.70503	20.17948	-17.92893
-2.38095	-0.70683	20.17962	-17.92889
-2.37893	-0.70862	20.17976	-17.92884
-2.37691	-0.71041	20.17989	-17.92880
-2.37489	-0.71220	20.18003	-17.92876
-2.37287	-0.71400	20.18016	-17.92871
-2.37086	-0.71579	20.18030	-17.92867
-2.36884	-0.71758	20.18043	-17.92862
-2.36682	-0.71938	20.18057	-17.92858
-2.36480	-0.72117	20.18070	-17.92853
-2.36278	-0.72296	20.18084	-17.92849
-2.36076	-0.72475	20.18097	-17.92844
-2.35875	-0.72655	20.18111	-17.92840
-2.35673	-0.72834	20.18124	-17.92835
-2.35471	-0.73013	20.18138	-17.92831
-2.35269	-0.73193	20.18151	-17.92826
-2.35067	-0.73372	20.18165	-17.92822
-2.34866	-0.73551	20.18178	-17.92817
-2.34664	-0.73730	20.18192	-17.92812
-2.34462	-0.73910	20.18205	-17.92808
-2.34260	-0.74089	20.18219	-17.92803
-2.34058	-0.74268	20.18232	-17.92798
-2.33857	-0.74448	20.18246	-17.92794
-2.33655	-0.74627	20.18259	-17.92789
-2.33453	-0.74806	20.18273	-17.92784
-2.33251	-0.74985	20.18286	-17.92779
-2.33049	-0.75165	20.18300	-17.92775
-2.32847	-0.75344	20.18313	-17.92770
-2.32646	-0.75523	20.18326	-17.92765
-2.32444	-0.75702	20.18340	-17.92760
-2.32242	-0.75882	20.18353	-17.92755
-2.32040	-0.76061	20.18367	-17.92751
-2.31838	-0.76240	20.18380	-17.92746
-2.31636	-0.76420	20.18394	-17.92741
-2.31435	-0.76599	20.18407	-17.92736
-2.31233	-0.76778	20.18421	-17.92731
-2.31031	-0.76957	20.18434	-17.92726
-2.30829	-0.77137	20.18448	-17.92721
-2.30627	-0.77316	20.18461	-17.92716
-2.30425	-0.77495	20.18474	-17.92711
-2.30223	-0.77674	20.18488	-17.92706
-2.30022	-0.77854	20.18501	-17.92701
-2.29820	-0.78033	20.18515	-17.92696
-2.29618	-0.78212	20.18528	-17.92691
-2.29416	-0.78392	20.18541	-17.92686
-2.29214	-0.78571	20.18555	-17.92681
-2.29012	-0.78750	20.18568	-17.92676
-2.28810	-0.78929	20.18582	-17.92670
-2.28609	-0.79109	20.18595	-17.92665
-2.28407	-0.79288	20.18608	-17.92660
-2.28205	-0.79467	20.18622	-17.92655
-2.28003	-0.79646	20.18635	-17.92650
-2.27801	-0.79826	20.18649	-17.92644
-2.27599	-0.80005	20.18662	-17.92639
-2.27397	-0.80184	20.18675	-17.92634
-2.27196	-0.80363	20.18689	-17.92629
-2.26994	-0.80543	20.18702	-17.92623
-2.26792	-0.80722	20.18715	-17.92618
-2.26590	-0.80901	20.18729	-17.92613
-2.26388	-0.81081	20.18742	-17.92607
-2.26186	-0.81260	20.18755	-17.92602
-2.25984	-0.81439	20.18769	-17.92596
-2.25782	-0.81618	20.18782	-17.92591
-2.25581	-0.81798	20.18795	-17.92586
-2.25379	-0.81977	20.18809	-17.92580
-2.25177	-0.82156	20.18822	-17.92575
-2.24975	-0.82335	20.18835	-17.92569
-2.24773	-0.82515	20.18849	-17.92564
-2.24571	-0.82694	20.18862	-17.92558
-2.24369	-0.82873	20.18875	-17.92552
-2.24167	-0.83052	20.18889	-17.92547
-2.23966	-0.83232	20.18902	-17.92541
-2.23764	-0.83411	20.18915	-17.92536
-2.23562	-0.83590	20.18928	-17.92530
-2.23360	-0.83769	20.18942	-17.92524
-2.23158	-0.83949	20.18955	-17.92519
-2.22956	-0.84128	20.18968	-17.92513
-2.22754	-0.84307	20.18981	-17.92507
-2.22552	-0.84486	20.18995	-17.92502
-2.22350	-0.84666	20.19008	-17.92496
-2.22148	-0.84845	20.19021	-17.92490
-2.21947	-0.85024	20.19034	-17.92484
-2.21745	-0.85203	20.19048	-17.92479
-2.21543	-0.85383	20.19061	-17.92473
-2.21341	-0.85562	20.19074	-17.92467
-2.21139	-0.85741	20.19087	-17.92461
-2.20937	-0.85920	20.19100	-17.92455
-2.20735	-0.86100	20.19114	-17.92449
-2.20533	-0.86279	20.19127	-17.92443
-2.20331	-0.86458	20.19140	-17.92437
-2.20129	-0.86637	20.19153	-17.92431
-2.19927	-0.86817	20.19166	-17.92425
-2.19726	-0.86996	20.19179	-17.92419
-2.19524	-0.87175	20.19193	-17.92413
-2.19322	-0.87354	20.19206	-17.92407
-2.19120	-0.87534	20.19219	-17.92401
-2.18918	-0.87713	20.19232	-17.92395
-2.18716	-0.87892	20.19245	-17.92389
-2.18514	-0.88071	20.19258	-17.92383
-2.18312	-0.88251	20.19271	-17.92377
-2.18110	-0.88430	20.19284	-17.92371
-2.17908	-0.88609	20.19297	-17.92365
-2.17706	-0.88788	20.19311	-17.92359
-2.17504	-0.88967	20.19324	-17.92352
-2.17302	-0.89147	20.19337	-17.92346
-2.17101	-0.89326	20.19350	-17.92340
-2.16899	-0.89505	20.19363	-17.92334
-2.16697	-0.89684	20.19376	-17.92327
-2.16495	-0.89864	20.19389	-17.92321
-2.16293	-0.90043	20.19402	-17.92315
-2.16091	-0.90222	20.19415	-17.92308
-2.15889	-0.90401	20.19428	-17.92302
-2.15687	-0.90581	20.19441	-17.92296
-2.15485	-0.90760	20.19454	-17.92289
-2.15283	-0.90939	20.19467	-17.92283
-2.15081	-0.91118	20.19480	-17.92277
-2.14879	-0.91297	20.19493	-17.92270
-2.14677	-0.91477	20.19506	-17.92264
-2.14475	-0.91656	20.19519	-17.92257
-2.14273	-0.91835	20.19532	-17.92251
-2.14071	-0.92014	20.19544	-17.92244
-2.13869	-0.92194	20.19557	-17.92238
-2.13667	-0.92373	20.19570	-17.92231
-2.13465	-0.92552	20.19583	-17.92225
-2.13264	-0.92731	20.19596	-17.92218
-2.13062	-0.92910	20.19609	-17.92211
-2.12860	-0.93090	20.19622	-17.92205
-2.12658	-0.93269	20.19635	-17.92198
-2.12456	-0.93448	20.19647	-17.92191
-2.12254	-0.93627	20.19660	-17.92185
-2.12052	-0.93807	20.19673	-17.92178
-2.11850	-0.93986	20.19686	-17.92171
-2.11648	-0.94165	20.19699	-17.92165
-2.11446	-0.94344	20.19711	-17.92158
-2.11244	-0.94523	20.19724	-17.92151
-2.11042	-0.94703	20.19737	-17.92144
-2.10840	-0.94882	20.19750	-17.92138
-2.10638	-0.95061	20.19762	-17.92131
-2.10436	-0.95240	20.19775	-17.92124
-2.10234	-0.95420	20.19788	-17.92117
-2.10032	-0.95599	20.19801	-17.92110
-2.09830	-0.95778	20.19813	-17.92103
-2.09628	-0.95957	20.19826	-17.92097
-2.09426	-0.96136	20.19839	-17.92090
-2.09224	-0.96316	20.19851	-17.92083
-2.09022	-0.96495	20.19864	-17.92076
-2.08820	-0.96674	20.19877	-17.92069
-2.08618	-0.96853	20.19889	-17.92062
-2.08416	-0.97032	20.19902	-17.92055
-2.08214	-0.97212	20.19914	-17.92048
-2.08012	-0.97391	20.19927	-17.92041
-2.07810	-0.97570	20.19939	-17.92034
-2.07608	-0.97749	20.19952	-17.92027
-2.07406	-0.97928	20.19965	-17.92020
-2.07204	-0.98108	20.19977	-17.92013
-2.07002	-0.98287	20.19990	-17.92005
-2.06800	-0.98466	20.20002	-17.91998
-2.06598	-0.98645	20.20015	-17.91991
-2.06396	-0.98824	20.20027	-17.91984
-2.06194	-0.99004	20.20040	-17.91977
-2.05992	-0.99183	20.20052	-17.91970
-2.05790	-0.99362	20.20064	-17.91963
-2.05588	-0.99541	20.20077	-17.91955
-2.05386	-0.99720	20.20089	-17.91948
-2.05184	-0.99900	20.20102	-17.91941
-2.04982	-1.00079	20.20114	-17.91934
-2.04780	-1.00258	20.20126	-17.91926
-2.04578	-1.00437	20.20139	-17.91919
-2.04376	-1.00616	20.20151	-17.91912
-2.04174	-1.00796	20.20163	-17.91904
-2.03972	-1.00975	20.20176	-17.91897
-2.03770	-1.01154	20.20188	-17.91890
-2.03568	-1.01333	20.20200	-17.91882
-2.03366	-1.01512	20.20212	-17.91875
-2.03164	-1.01691	20.20225	-17.91868
-2.02962	-1.01871	20.20237	-17.91860
-2.02760	-1.02050	20.20249	-17.91853
-2.02558	-1.02229	20.20261	-17.91845
-2.02356	-1.02408	20.20273	-17.91838
-2.02154	-1.02587	20.20286	-17.91831
-2.01952	-1.02767	20.20298	-17.91823
-2.01750	-1.02946	20.20310	-17.91816
-2.01548	-1.03125	20.20322	-17.91808
-2.01346	-1.03304	20.20334	-17.91801
-2.01144	-1.03483	20.20346	-17.91793
-2.00942	-1.03663	20.20358	-17.91786
-2.00740	-1.03842	20.20370	-17.91778
-2.00538	-1.04021	20.20382	-17.91770
-2.00336	-1.04200	20.20394	-17.91763
-2.00134	-1.04379	20.20406	-17.91755
-1.99931	-1.04558	20.20418	-17.91748
-1.99729	-1.04738	20.20430	-17.91740
-1.99527	-1.04917	20.20442	-17.91732
-1.99325	-1.05096	20.20454	-17.91725
-1.99123	-1.05275	20.20466	-17.91717
-1.98921	-1.05454	20.20478	-17.91709
-1.98719	-1.05633	20.20490	-17.91702
-1.98517	-1.05813	20.20502	-17.91694
-1.98315	-1.05992	20.20514	-17.91686
-1.98113	-1.06171	20.20526	-17.91679
-1.97911	-1.06350	20.20537	-17.91671
-1.97709	-1.06529	20.20549	-17.91663
-1.97507	-1.06708	20.20561	-17.91656
-1.97305	-1.06888	20.20573	-17.91648
-1.97103	-1.07067	20.20584	-17.91640
-1.96901	-1.07246	20.20596	-17.91632
-1.96699	-1.07425	20.20608	-17.91624
-1.96497	-1.07604	20.20620	-17.91617
-1.96295	-1.07783	20.20631	-17.91609
-1.96092	-1.07963	20.20643	-17.91601
-1.95890	-1.08142	20.20655	-17.91593
-1.95688	-1.08321	20.20666	-17.91585
-1.95486	-1.08500	20.20678	-17.91577
-1.95284	-1.08679	20.20689	-17.91570
-1.95082	-1.08858	20.20701	-17.91562
-1.94880	-1.09038	20.20713	-17.91554
-1.94678	-1.09217	20.20724	-17.91546
-1.94476	-1.09396	20.20736	-17.91538
-1.94274	-1.09575	20.20747	-17.91530
-1.94072	-1.09754	20.20759	-17.91522
-1.93870	-1.09933	20.20770	-17.91514
-1.93668	-1.10112	20.20782	-17.91506
-1.93466	-1.10292	20.20793	-17.91498
-1.93263	-1.10471	20.20804	-17.91491
-1.93061	-1.10650	20.20816	-17.91483
-1.92859	-1.10829	20.20827	-17.91475
-1.92657	-1.11008	20.20838	-17.91467
-1.92455	-1.11187	20.20850	-17.91459
-1.92253	-1.11366	20.20861	-17.91451
-1.92051	-1.11546	20.20872	-17.91443
-1.91849	-1.11725	20.20884	-17.91435
-1.91647	-1.11904	20.20895	-17.91427
-1.91445	-1.12083	20.20906	-17.91419
-1.91243	-1.12262	20.20917	-17.91411
-1.91041	-1.12441	20.20929	-17.91402
-1.90838	-1.12620	20.20940	-17.91394
-1.90636	-1.12800	20.20951	-17.91386
-1.90434	-1.12979	20.20962	-17.91378
-1.90232	-1.13158	20.20973	-17.91370
-1.90030	-1.13337	20.20984	-17.91362
-1.89828	-1.13516	20.20995	-17.91354
-1.89626	-1.13695	20.21007	-17.91346
-1.89424	-1.13874	20.21018	-17.91338
-1.89222	-1.14054	20.21029	-17.91330
-1.89020	-1.14233	20.21040	-17.91322
-1.88817	-1.14412	20.21051	-17.91313
-1.88615	-1.14591	20.21062	-17.91305
-1.88413	-1.14770	20.21073	-17.91297
-1.88211	-1.14949	20.21083	-17.91289
-1.88009	-1.15128	20.21094	-17.91281
-1.87807	-1.15307	20.21105	-17.91273
-1.87605	-1.15487	20.21116	-17.91265
-1.87403	-1.15666	20.21127	-17.91256
-1.87201	-1.15845	20.21138	-17.91248
-1.86998	-1.16024	20.21149	-17.91240
-1.86796	-1.16203	20.21159	-17.91232
-1.86594	-1.16382	20.21170	-17.91224
-1.86392	-1.16561	20.21181	-17.91216
-1.86190	-1.16740	20.21192	-17.91207
-1.85988	-1.16920	20.21202	-17.91199
-1.85786	-1.17099	20.21213	-17.91191
-1.85584	-1.17278	20.21224	-17.91183
-1.85381	-1.17457	20.21235	-17.91174
-1.85179	-1.17636	20.21245	-17.91166
-1.84977	-1.17815	20.21256	-17.91158
-1.84775	-1.17994	20.21266	-17.91150
-1.84573	-1.18173	20.21277	-17.91142
-1.84371	-1.18353	20.21288	-17.91133
-1.84169	-1.18532	20.21298	-17.91125
-1.83967	-1.18711	20.21309	-17.91117
-1.83764	-1.18890	20.21319	-17.91108
-1.83562	-1.19069	20.21330	-17.91100
-1.83360	-1.19248	20.21340	-17.91092
-1.83158	-1.19427	20.21351	-17.91084
-1.82956	-1.19606	20.21361	-17.91075
-1.82754	-1.19785	20.21371	-17.91067
-1.82552	-1.19965	20.21382	-17.91059
-1.82350	-1.20144	20.21392	-17.91051
-1.82147	-1.20323	20.21402	-17.91042
-1.81945	-1.20502	20.21413	-17.91034
-1.81743	-1.20681	20.21423	-17.91026
-1.81541	-1.20860	20.21433	-17.91017
-1.81339	-1.21039	20.21444	-17.91009
-1.81137	-1.21218	20.21454	-17.91001
-1.80935	-1.21397	20.21464	-17.90992
-1.80732	-1.21576	20.21474	-17.90984
-1.80530	-1.21756	20.21485	-17.90976
-1.80328	-1.21935	20.21495	-17.90967
-1.80126	-1.22114	20.21505	-17.90959
-1.79924	-1.22293	20.21515	-17.90951
-1.79722	-1.22472	20.21525	-17.90942
-1.79519	-1.22651	20.21535	-17.90934
-1.79317	-1.22830	20.21545	-17.90926
-1.79115	-1.23009	20.21555	-17.90917
-1.78913	-1.23188	20.21565	-17.90909
-1.78711	-1.23367	20.21575	-17.90901
-1.78509	-1.23546	20.21585	-17.90892
-1.78307	-1.23726	20.21595	-17.90884
-1.78104	-1.23905	20.21605	-17.90876
-1.77902	-1.24084	20.21615	-17.90867
-1.77700	-1.24263	20.21625	-17.90859
-1.77498	-1.24442	20.21635	-17.90851
-1.77296	-1.24621	20.21645	-17.90842
-1.77094	-1.24800	20.21655	-17.90834
-1.76891	-1.24979	20.21665	-17.90826
-1.76689	-1.25158	20.21675	-17.90817
-1.76487	-1.25337	20.21684	-17.90809
-1.76285	-1.25516	20.21694	-17.90800
-1.76083	-1.25695	20.21704	-17.90792
-1.75881	-1.25875	20.21714	-17.90784
-1.75678	-1.26054	20.21723	-17.90775
-1.75476	-1.26233	20.21733	-17.90767
-1.75274	-1.26412	20.21743	-17.90759
-1.75072	-1.26591	20.21753	-17.90750
-1.74870	-1.26770	20.21762	-17.90742
-1.74668	-1.26949	20.21772	-17.90733
-1.74465	-1.27128	20.21782	-17.90725
-1.74263	-1.27307	20.21791	-17.90717
-1.74061	-1.27486	20.21801	-17.90708
-1.73859	-1.27665	20.21810	-17.90700
-1.73657	-1.27844	20.21820	-17.90691
-1.73454	-1.28023	20.21829	-17.90683
-1.73252	-1.28203	20.21839	-17.90675
-1.73050	-1.28382	20.21848	-17.90666
-1.72848	-1.28561	20.21858	-17.90658
-1.72646	-1.28740	20.21867	-17.90650
-1.72444	-1.28919	20.21877	-17.90641
-1.72241	-1.29098	20.21886	-17.90633
-1.72039	-1.29277	20.21896	-17.90624
-1.71837	-1.29456	20.21905	-17.90616
-1.71635	-1.29635	20.21914	-17.90607
-1.71433	-1.29814	20.21924	-17.90599
-1.71230	-1.29993	20.21933	-17.90591
-1.71028	-1.30172	20.21942	-17.90582
-1.70826	-1.30351	20.21952	-17.90574
-1.70624	-1.30530	20.21961	-17.90565
-1.70422	-1.30709	20.21970	-17.90557
-1.70219	-1.30888	20.21979	-17.90549
-1.70017	-1.31067	20.21989	-17.90540
-1.69815	-1.31247	20.21998	-17.90532
-1.69613	-1.31426	20.22007	-17.90523
-1.69411	-1.31605	20.22016	-17.90515
-1.69208	-1.31784	20.22025	-17.90507
-1.69006	-1.31963	20.22035	-17.90498
-1.68804	-1.32142	20.22044	-17.90490
-1.68602	-1.32321	20.22053	-17.90481
-1.68400	-1.32500	20.22062	-17.90473
-1.68197	-1.32679	20.22071	-17.90465
-1.67995	-1.32858	20.22080	-17.90456
-1.67793	-1.33037	20.22089	-17.90448
-1.67591	-1.33216	20.22098	-17.90439
-1.67389	-1.33395	20.22107	-17.90431
-1.67186	-1.33574	20.22116	-17.90422
-1.66984	-1.33753	20.22125	-17.90414
-1.66782	-1.33932	20.22134	-17.90406
-1.66580	-1.34111	20.22143	-17.90397
-1.66377	-1.34290	20.22152	-17.90389
-1.66175	-1.34469	20.22161	-17.90380
-1.65973	-1.34648	20.22170	-17.90372
-1.65771	-1.34827	20.22178	-17.90363
-1.65569	-1.35006	20.22187	-17.90355
-1.65366	-1.35186	20.22196	-17.90347
-1.65164	-1.35365	20.22205	-17.90338
-1.64962	-1.35544	20.22214	-17.90330
-1.64760	-1.35723	20.22222	-17.90321
-1.64558	-1.35902	20.22231	-17.90313
-1.64355	-1.36081	20.22240	-17.90305
-1.64153	-1.36260	20.22249	-17.90296
-1.63951	-1.36439	20.22257	-17.90288
-1.63749	-1.36618	20.22266	-17.90279
-1.63546	-1.36797	20.22275	-17.90271
-1.63344	-1.36976	20.22284	-17.90262
-1.63142	-1.37155	20.22292	-17.90254
-1.62940	-1.37334	20.22301	-17.90246
-1.62737	-1.37513	20.22309	-17.90237
-1.62535	-1.37692	20.22318	-17.90229
-1.62333	-1.37871	20.22327	-17.90220
-1.62131	-1.38050	20.22335	-17.90212
-1.61929	-1.38229	20.22344	-17.90203
-1.61726	-1.38408	20.22352	-17.90195
-1.61524	-1.38587	20.22361	-17.90187
-1.61322	-1.38766	20.22369	-17.90178
-1.61120	-1.38945	20.22378	-17.90170
-1.60917	-1.39124	20.22386	-17.90161
-1.60715	-1.39303	20.22395	-17.90153
-1.60513	-1.39482	20.22403	-17.90144
-1.60311	-1.39661	20.22412	-17.90136
-1.60108	-1.39840	20.22420	-17.90127
-1.59906	-1.40019	20.22428	-17.90119
-1.59704	-1.40198	20.22437	-17.90111
-1.59502	-1.40377	20.22445	-17.90102
-1.59299	-1.40556	20.22454	-17.90094
-1.59097	-1.40735	20.22462	-17.90085
-1.58895	-1.40914	20.22470	-17.90077
-1.58693	-1.41093	20.22479	-17.90068
-1.58490	-1.41272	20.22487	-17.90060
-1.58288	-1.41451	20.22495	-17.90051
-1.58086	-1.41630	20.22503	-17.90043
-1.57884	-1.41809	20.22512	-17.90035
-1.57681	-1.41988	20.22520	-17.90026
-1.57479	-1.42167	20.22528	-17.90018
-1.57277	-1.42346	20.22536	-17.90009
-1.57075	-1.42525	20.22544	-17.90001
-1.56872	-1.42704	20.22553	-17.89992
-1.56670	-1.42883	20.22561	-17.89984
-1.56468	-1.43062	20.22569	-17.89975
-1.56266	-1.43241	20.22577	-17.89967
-1.56063	-1.43420	20.22585	-17.89959
-1.55861	-1.43599	20.22593	-17.89950
-1.55659	-1.43778	20.22601	-17.89942
-1.55457	-1.43957	20.22609	-17.89933
-1.55254	-1.44136	20.22618	-17.89925
-1.55052	-1.44315	20.22626	-17.89916
-1.54850	-1.44494	20.22634	-17.89908
-1.54648	-1.44673	20.22642	-17.89899
-1.54445	-1.44852	20.22650	-17.89891
-1.54243	-1.45031	20.22658	-17.89882
-1.54041	-1.45210	20.22666	-17.89874
-1.53839	-1.45389	20.22674	-17.89865
-1.53636	-1.45568	20.22682	-17.89857
-1.53434	-1.45747	20.22689	-17.89849
-1.53232	-1.45926	20.22697	-17.89840
-1.53029	-1.46105	20.22705	-17.89832
-1.52827	-1.46284	20.22713	-17.89823
-1.52625	-1.46463	20.22721	-17.89815
-1.52423	-1.46642	20.22729	-17.89806
-1.52220	-1.46821	20.22737	-17.89798
-1.52018	-1.47000	20.22745	-17.89789
-1.51816	-1.47179	20.22752	-17.89781
-1.51614	-1.47358	20.22760	-17.89772
-1.51411	-1.47537	20.22768	-17.89764
-1.51209	-1.47716	20.22776	-17.89755
-1.51007	-1.47895	20.22784	-17.89747
-1.50804	-1.48074	20.22791	-17.89738
-1.50602	-1.48253	20.22799	-17.89730
-1.50400	-1.48432	20.22807	-17.89721
-1.50198	-1.48611	20.22814	-17.89713
-1.49995	-1.48790	20.22822	-17.89704
-1.49793	-1.48969	20.22830	-17.89696
-1.49591	-1.49148	20.22838	-17.89687
-1.49388	-1.49327	20.22845	-17.89679
-1.49186	-1.49506	20.22853	-17.89670
-1.48984	-1.49685	20.22860	-17.89662
-1.48782	-1.49864	20.22868	-17.89653
-1.48579	-1.50043	20.22876	-17.89645
-1.48377	-1.50221	20.22883	-17.89636
-1.48175	-1.50400	20.22891	-17.89628
-1.47972	-1.50579	20.22898	-17.89619
-1.47770	-1.50758	20.22906	-17.89611
-1.47568	-1.50937	20.22914	-17.89602
-1.47366	-1.51116	20.22921	-17.89594
-1.47163	-1.51295	20.22929	-17.89585
-1.46961	-1.51474	20.22936	-17.89577
-1.46759	-1.51653	20.22944	-17.89568
-1.46556	-1.51832	20.22951	-17.89560
-1.46354	-1.52011	20.22959	-17.89551
-1.46152	-1.52190	20.22966	-17.89543
-1.45950	-1.52369	20.22973	-17.89534
-1.45747	-1.52548	20.22981	-17.89525
-1.45545	-1.52727	20.22988	-17.89517
-1.45343	-1.52906	20.22996	-17.89508
-1.45140	-1.53085	20.23003	-17.89500
-1.44938	-1.53264	20.23010	-17.89491
-1.44736	-1.53443	20.23018	-17.89483
-1.44533	-1.53622	20.23025	-17.89474
-1.44331	-1.53801	20.23033	-17.89466
-1.44129	-1.53980	20.23040	-17.89457
-1.43926	-1.54158	20.23047	-17.89449
-1.43724	-1.54337	20.23054	-17.89440
-1.43522	-1.54516	20.23062	-17.89431
-1.43320	-1.54695	20.23069	-17.89423
-1.43117	-1.54874	20.23076	-17.89414
-1.42915	-1.55053	20.23084	-17.89406
-1.42713	-1.55232	20.23091	-17.89397
-1.42510	-1.55411	20.23098	-17.89388
-1.42308	-1.55590	20.23105	-17.89380
-1.42106	-1.55769	20.23112	-17.89371
-1.41903	-1.55948	20.23120	-17.89363
-1.41701	-1.56127	20.23127	-17.89354
-1.41499	-1.56306	20.23134	-17.89346
-1.41296	-1.56485	20.23141	-17.89337
-1.41094	-1.56664	20.23148	-17.89328
-1.40892	-1.56843	20.23155	-17.89320
-1.40690	-1.57021	20.23163	-17.89311
-1.40487	-1.57200	20.23170	-17.89302
-1.40285	-1.57379	20.23177	-17.89294
-1.40083	-1.57558	20.23184	-17.89285
-1.39880	-1.57737	20.23191	-17.89277
-1.39678	-1.57916	20.23198	-17.89268
-1.39476	-1.58095	20.23205	-17.89259
-1.39273	-1.58274	20.23212	-17.89251
-1.39071	-1.58453	20.23219	-17.89242
